{"cameraMode":{"drawMode":0,"name":"Shaded","section":"Shading Mode"},"sceneLighting":true,"audioPlay":false,"sceneViewState":{"m_AlwaysRefresh":false,"showFog":true,"showSkybox":true,"showFlares":true,"showImageEffects":true,"showParticleSystems":true,"showVisualEffectGraphs":true,"m_FxEnabled":true},"in2DMode":false,"pivot":{"x":-12.624722480773926,"y":-1.6810336112976075,"z":16.754730224609376},"rotation":{"x":0.45754319429397585,"y":0.11696705222129822,"z":-0.06060875579714775,"w":0.8793745040893555},"size":4.0149078369140629,"orthographic":false}